{
  "cities_provinces": [
    "Angeles City, Pampanga",
    "Mabalacat City, Pampanga",
    "San Fernando City, Pampanga",
    "Olongapo City, Zambales",
    "Balanga City, Bataan",
    "Malolos City, Bulacan",
    "Meycauayan City, Bulacan",
    "San Jose del Monte City, Bulacan",
    "Cabanatuan City, Nueva Ecija",
    "Palayan City, Nueva Ecija",
    "San Jose City, Nueva Ecija",
    "Tarlac City, Tarlac",
    "Dagupan City, Pangasinan",
    "San Carlos City, Pangasinan",
    "Urdaneta City, Pangasinan",
    "Alaminos City, Pangasinan",
    "Baguio City, Benguet",
    "Vigan City, Ilocos Sur",
    "Candon City, Ilocos Sur",
    "Laoag City, Ilocos Norte",
    "Batac City, Ilocos Norte",
    "Tuguegarao City, Cagayan",
    "Tabuk City, Kalinga",
    "Santiago City, Isabela",
    "Cauayan City, Isabela",
    "Ilagan City, Isabela",
    "Bayombong City, Nueva Vizcaya",
    "Solano City, Nueva Vizcaya",
    "Baler City, Aurora",
    "Quezon City, Metro Manila",
    "Manila City, Metro Manila",
    "Makati City, Metro Manila",
    "Pasig City, Metro Manila",
    "Taguig City, Metro Manila",
    "Caloocan City, Metro Manila",
    "Las Pi単as City, Metro Manila",
    "Para単aque City, Metro Manila",
    "Valenzuela City, Metro Manila",
    "Marikina City, Metro Manila",
    "Muntinlupa City, Metro Manila",
    "Navotas City, Metro Manila",
    "Pasay City, Metro Manila",
    "Mandaluyong City, Metro Manila",
    "Malabon City, Metro Manila",
    "Batangas City, Batangas",
    "Lipa City, Batangas",
    "Tanauan City, Batangas",
    "Lucena City, Quezon",
    "Tayabas City, Quezon",
    "Calamba City, Laguna",
    "San Pablo City, Laguna",
    "Santa Rosa City, Laguna",
    "Bi単an City, Laguna",
    "Cavite City, Cavite",
    "Tagaytay City, Cavite",
    "Trece Martires City, Cavite",
    "Dasmari単as City, Cavite",
    "Imus City, Cavite",
    "General Trias City, Cavite",
    "Iloilo City, Iloilo",
    "Passi City, Iloilo",
    "Bacolod City, Negros Occidental",
    "Silay City, Negros Occidental",
    "Talisay City, Negros Occidental",
    "Cadiz City, Negros Occidental",
    "Sagay City, Negros Occidental",
    "Escalante City, Negros Occidental",
    "Victorias City, Negros Occidental",
    "San Carlos City, Negros Occidental",
    "Dumaguete City, Negros Oriental",
    "Cebu City, Cebu",
    "Mandaue City, Cebu",
    "Lapu-Lapu City, Cebu",
    "Toledo City, Cebu",
    "Talisay City, Cebu",
    "Bogo City, Cebu",
    "Carcar City, Cebu",
    "Naga City, Cebu",
    "Ormoc City, Leyte",
    "Tacloban City, Leyte",
    "Baybay City, Leyte",
    "Maasin City, Southern Leyte",
    "Calbayog City, Samar",
    "Catbalogan City, Samar",
    "Borongan City, Eastern Samar",
    "Guiuan City, Eastern Samar",
    "Zamboanga City, Zamboanga del Sur",
    "Pagadian City, Zamboanga del Sur",
    "Dipolog City, Zamboanga del Norte",
    "Dapitan City, Zamboanga del Norte",
    "Isabela City, Basilan",
    "Cagayan de Oro City, Misamis Oriental",
    "Gingoog City, Misamis Oriental",
    "Iligan City, Lanao del Norte",
    "Davao City, Davao del Sur",
    "Digos City, Davao del Sur",
    "Panabo City, Davao del Norte",
    "Tagum City, Davao del Norte",
    "Samal City, Davao del Norte",
    "Mati City, Davao Oriental",
    "General Santos City, South Cotabato",
    "Koronadal City, South Cotabato",
    "Kidapawan City, Cotabato",
    "Tacurong City, Sultan Kudarat",
    "Cotabato City, Maguindanao del Norte",
    "Marawi City, Lanao del Sur",
    "Butuan City, Agusan del Norte",
    "Cabadbaran City, Agusan del Norte",
    "Bayugan City, Agusan del Sur",
    "Surigao City, Surigao del Norte",
    "Bislig City, Surigao del Sur",
    "Tandag City, Surigao del Sur"
  ]
}